<?xml version="1.0" encoding="UTF-8"?>
<export>
  <content_objects>
    <content_object id="object1" last_version="1" type="simple">
      <general>
        <type>announcement</type>
        <object_number>1</object_number>
        <title>Welcome</title>
        <description>This is your first content object in chamilo 2.0</description>
        <comment></comment>
        <created>1274442729</created>
        <modified>1274442729</modified>
      </general>
      <extended/>
    </content_object>
  </content_objects>
</export>
